[{"model": "admin.logentry", "pk": 1, "fields": {"action_time": "2025-08-28T15:29:48.931Z", "user": 1, "content_type": 11, "object_id": "1", "object_repr": "College of Arts and Humanities (CAH)", "action_flag": 1, "change_message": "[{\"added\": {}}]"}}, {"model": "admin.logentry", "pk": 2, "fields": {"action_time": "2025-08-28T15:29:57.999Z", "user": 1, "content_type": 11, "object_id": "2", "object_repr": "College of Business and Accountancy (CBA)", "action_flag": 1, "change_message": "[{\"added\": {}}]"}}, {"model": "admin.logentry", "pk": 3, "fields": {"action_time": "2025-08-28T15:30:07.172Z", "user": 1, "content_type": 11, "object_id": "3", "object_repr": "College of Criminal Justice Education (CCJE)", "action_flag": 1, "change_message": "[{\"added\": {}}]"}}, {"model": "admin.logentry", "pk": 4, "fields": {"action_time": "2025-08-28T15:30:15.947Z", "user": 1, "content_type": 11, "object_id": "4", "object_repr": "College of Engineering, Architecture and Technology (CEAT)", "action_flag": 1, "change_message": "[{\"added\": {}}]"}}, {"model": "admin.logentry", "pk": 5, "fields": {"action_time": "2025-08-28T15:30:21.188Z", "user": 1, "content_type": 11, "object_id": "5", "object_repr": "College of Hospitality Management and Tourism (CHTM)", "action_flag": 1, "change_message": "[{\"added\": {}}]"}}, {"model": "admin.logentry", "pk": 6, "fields": {"action_time": "2025-08-28T15:31:04.784Z", "user": 1, "content_type": 11, "object_id": "6", "object_repr": "Collge of Nursing and Health Sciences (CNHS)", "action_flag": 1, "change_message": "[{\"added\": {}}]"}}, {"model": "admin.logentry", "pk": 7, "fields": {"action_time": "2025-08-28T15:31:11.234Z", "user": 1, "content_type": 11, "object_id": "7", "object_repr": "College of Sciences (CS)", "action_flag": 1, "change_message": "[{\"added\": {}}]"}}, {"model": "admin.logentry", "pk": 8, "fields": {"action_time": "2025-08-28T15:31:22.018Z", "user": 1, "content_type": 11, "object_id": "8", "object_repr": "College of Teacher Education (CTE)", "action_flag": 1, "change_message": "[{\"added\": {}}]"}}, {"model": "admin.logentry", "pk": 9, "fields": {"action_time": "2025-08-28T15:32:00.460Z", "user": 1, "content_type": 7, "object_id": "1", "object_repr": "Medical Biology", "action_flag": 1, "change_message": "[{\"added\": {}}]"}}, {"model": "admin.logentry", "pk": 10, "fields": {"action_time": "2025-08-28T15:32:08.455Z", "user": 1, "content_type": 7, "object_id": "2", "object_repr": "Environmental Science", "action_flag": 1, "change_message": "[{\"added\": {}}]"}}, {"model": "admin.logentry", "pk": 11, "fields": {"action_time": "2025-08-28T15:32:16.467Z", "user": 1, "content_type": 7, "object_id": "3", "object_repr": "Marine Bilogy", "action_flag": 1, "change_message": "[{\"added\": {}}]"}}, {"model": "admin.logentry", "pk": 12, "fields": {"action_time": "2025-08-28T15:32:23.768Z", "user": 1, "content_type": 7, "object_id": "4", "object_repr": "Information Technology", "action_flag": 1, "change_message": "[{\"added\": {}}]"}}, {"model": "admin.logentry", "pk": 13, "fields": {"action_time": "2025-08-28T15:32:31.222Z", "user": 1, "content_type": 7, "object_id": "5", "object_repr": "Computer Science", "action_flag": 1, "change_message": "[{\"added\": {}}]"}}, {"model": "admin.logentry", "pk": 14, "fields": {"action_time": "2025-08-28T15:32:37.288Z", "user": 1, "content_type": 7, "object_id": "6", "object_repr": "Criminology", "action_flag": 1, "change_message": "[{\"added\": {}}]"}}, {"model": "admin.logentry", "pk": 15, "fields": {"action_time": "2025-08-28T15:32:44.957Z", "user": 1, "content_type": 7, "object_id": "7", "object_repr": "Accountancy", "action_flag": 1, "change_message": "[{\"added\": {}}]"}}, {"model": "admin.logentry", "pk": 16, "fields": {"action_time": "2025-08-28T15:32:52.849Z", "user": 1, "content_type": 7, "object_id": "8", "object_repr": "Entrepreneurship", "action_flag": 1, "change_message": "[{\"added\": {}}]"}}, {"model": "admin.logentry", "pk": 17, "fields": {"action_time": "2025-08-28T15:32:59.256Z", "user": 1, "content_type": 7, "object_id": "9", "object_repr": "Education", "action_flag": 1, "change_message": "[{\"added\": {}}]"}}, {"model": "admin.logentry", "pk": 18, "fields": {"action_time": "2025-08-28T15:33:07.447Z", "user": 1, "content_type": 7, "object_id": "10", "object_repr": "Electrical Engineering", "action_flag": 1, "change_message": "[{\"added\": {}}]"}}, {"model": "admin.logentry", "pk": 19, "fields": {"action_time": "2025-08-28T15:33:25.143Z", "user": 1, "content_type": 7, "object_id": "11", "object_repr": "Business Administration", "action_flag": 1, "change_message": "[{\"added\": {}}]"}}, {"model": "admin.logentry", "pk": 20, "fields": {"action_time": "2025-08-28T15:33:30.907Z", "user": 1, "content_type": 7, "object_id": "12", "object_repr": "Hospitality Management", "action_flag": 1, "change_message": "[{\"added\": {}}]"}}, {"model": "admin.logentry", "pk": 21, "fields": {"action_time": "2025-08-28T15:34:13.946Z", "user": 1, "content_type": 9, "object_id": "1", "object_repr": "ACS", "action_flag": 1, "change_message": "[{\"added\": {}}]"}}, {"model": "admin.logentry", "pk": 22, "fields": {"action_time": "2025-08-28T15:34:36.136Z", "user": 1, "content_type": 9, "object_id": "2", "object_repr": "SITE", "action_flag": 1, "change_message": "[{\"added\": {}}]"}}, {"model": "admin.logentry", "pk": 23, "fields": {"action_time": "2025-08-28T15:38:02.603Z", "user": 1, "content_type": 10, "object_id": "1", "object_repr": "Cinco, German", "action_flag": 1, "change_message": "[{\"added\": {}}]"}}, {"model": "admin.logentry", "pk": 24, "fields": {"action_time": "2025-08-28T15:38:33.913Z", "user": 1, "content_type": 10, "object_id": "2", "object_repr": "Dela Cruz, Juan", "action_flag": 1, "change_message": "[{\"added\": {}}]"}}, {"model": "admin.logentry", "pk": 25, "fields": {"action_time": "2025-08-28T15:38:53.329Z", "user": 1, "content_type": 8, "object_id": "1", "object_repr": "OrgMember object (1)", "action_flag": 1, "change_message": "[{\"added\": {}}]"}}, {"model": "admin.logentry", "pk": 26, "fields": {"action_time": "2025-08-28T15:39:04.951Z", "user": 1, "content_type": 8, "object_id": "2", "object_repr": "OrgMember object (2)", "action_flag": 1, "change_message": "[{\"added\": {}}]"}}, {"model": "admin.logentry", "pk": 27, "fields": {"action_time": "2025-09-25T11:59:57.340Z", "user": 1, "content_type": 16, "object_id": "1", "object_repr": "Google Login", "action_flag": 1, "change_message": "[{\"added\": {}}]"}}, {"model": "admin.logentry", "pk": 28, "fields": {"action_time": "2025-10-16T04:36:37.291Z", "user": 1, "content_type": 16, "object_id": "1", "object_repr": "Google Login", "action_flag": 2, "change_message": "[{\"changed\": {\"fields\": [\"Sites\"]}}]"}}, {"model": "admin.logentry", "pk": 29, "fields": {"action_time": "2025-10-16T04:55:47.100Z", "user": 1, "content_type": 16, "object_id": "2", "object_repr": "Github login", "action_flag": 1, "change_message": "[{\"added\": {}}]"}}, {"model": "admin.logentry", "pk": 30, "fields": {"action_time": "2025-10-17T15:45:46.699Z", "user": 1, "content_type": 12, "object_id": "1", "object_repr": "localhost:8001", "action_flag": 2, "change_message": "[{\"changed\": {\"fields\": [\"Domain name\"]}}]"}}, {"model": "admin.logentry", "pk": 31, "fields": {"action_time": "2025-10-17T15:49:44.816Z", "user": 1, "content_type": 12, "object_id": "1", "object_repr": "localhost:8000", "action_flag": 2, "change_message": "[{\"changed\": {\"fields\": [\"Domain name\"]}}]"}}, {"model": "admin.logentry", "pk": 32, "fields": {"action_time": "2025-10-17T16:30:57.256Z", "user": 1, "content_type": 12, "object_id": "1", "object_repr": "localhost:8001", "action_flag": 2, "change_message": "[{\"changed\": {\"fields\": [\"Domain name\"]}}]"}}, {"model": "admin.logentry", "pk": 33, "fields": {"action_time": "2025-10-17T16:33:21.001Z", "user": 1, "content_type": 12, "object_id": "1", "object_repr": "localhost:8000", "action_flag": 2, "change_message": "[{\"changed\": {\"fields\": [\"Domain name\"]}}]"}}, {"model": "admin.logentry", "pk": 34, "fields": {"action_time": "2025-10-17T16:34:42.534Z", "user": 1, "content_type": 12, "object_id": "1", "object_repr": "localhost:8001", "action_flag": 2, "change_message": "[{\"changed\": {\"fields\": [\"Domain name\"]}}]"}}, {"model": "admin.logentry", "pk": 35, "fields": {"action_time": "2025-10-17T16:42:17.107Z", "user": 1, "content_type": 16, "object_id": "2", "object_repr": "Github login", "action_flag": 3, "change_message": ""}}, {"model": "admin.logentry", "pk": 36, "fields": {"action_time": "2025-10-17T16:42:17.109Z", "user": 1, "content_type": 16, "object_id": "1", "object_repr": "Google Login", "action_flag": 3, "change_message": ""}}, {"model": "admin.logentry", "pk": 37, "fields": {"action_time": "2025-10-17T16:43:48.232Z", "user": 1, "content_type": 16, "object_id": "3", "object_repr": "Google Login", "action_flag": 1, "change_message": "[{\"added\": {}}]"}}, {"model": "admin.logentry", "pk": 38, "fields": {"action_time": "2025-10-17T17:46:30.107Z", "user": 1, "content_type": 16, "object_id": "4", "object_repr": "Github Login", "action_flag": 1, "change_message": "[{\"added\": {}}]"}}, {"model": "auth.permission", "pk": 1, "fields": {"name": "Can add log entry", "content_type": 1, "codename": "add_logentry"}}, {"model": "auth.permission", "pk": 2, "fields": {"name": "Can change log entry", "content_type": 1, "codename": "change_logentry"}}, {"model": "auth.permission", "pk": 3, "fields": {"name": "Can delete log entry", "content_type": 1, "codename": "delete_logentry"}}, {"model": "auth.permission", "pk": 4, "fields": {"name": "Can view log entry", "content_type": 1, "codename": "view_logentry"}}, {"model": "auth.permission", "pk": 5, "fields": {"name": "Can add permission", "content_type": 2, "codename": "add_permission"}}, {"model": "auth.permission", "pk": 6, "fields": {"name": "Can change permission", "content_type": 2, "codename": "change_permission"}}, {"model": "auth.permission", "pk": 7, "fields": {"name": "Can delete permission", "content_type": 2, "codename": "delete_permission"}}, {"model": "auth.permission", "pk": 8, "fields": {"name": "Can view permission", "content_type": 2, "codename": "view_permission"}}, {"model": "auth.permission", "pk": 9, "fields": {"name": "Can add group", "content_type": 3, "codename": "add_group"}}, {"model": "auth.permission", "pk": 10, "fields": {"name": "Can change group", "content_type": 3, "codename": "change_group"}}, {"model": "auth.permission", "pk": 11, "fields": {"name": "Can delete group", "content_type": 3, "codename": "delete_group"}}, {"model": "auth.permission", "pk": 12, "fields": {"name": "Can view group", "content_type": 3, "codename": "view_group"}}, {"model": "auth.permission", "pk": 13, "fields": {"name": "Can add user", "content_type": 4, "codename": "add_user"}}, {"model": "auth.permission", "pk": 14, "fields": {"name": "Can change user", "content_type": 4, "codename": "change_user"}}, {"model": "auth.permission", "pk": 15, "fields": {"name": "Can delete user", "content_type": 4, "codename": "delete_user"}}, {"model": "auth.permission", "pk": 16, "fields": {"name": "Can view user", "content_type": 4, "codename": "view_user"}}, {"model": "auth.permission", "pk": 17, "fields": {"name": "Can add content type", "content_type": 5, "codename": "add_contenttype"}}, {"model": "auth.permission", "pk": 18, "fields": {"name": "Can change content type", "content_type": 5, "codename": "change_contenttype"}}, {"model": "auth.permission", "pk": 19, "fields": {"name": "Can delete content type", "content_type": 5, "codename": "delete_contenttype"}}, {"model": "auth.permission", "pk": 20, "fields": {"name": "Can view content type", "content_type": 5, "codename": "view_contenttype"}}, {"model": "auth.permission", "pk": 21, "fields": {"name": "Can add session", "content_type": 6, "codename": "add_session"}}, {"model": "auth.permission", "pk": 22, "fields": {"name": "Can change session", "content_type": 6, "codename": "change_session"}}, {"model": "auth.permission", "pk": 23, "fields": {"name": "Can delete session", "content_type": 6, "codename": "delete_session"}}, {"model": "auth.permission", "pk": 24, "fields": {"name": "Can view session", "content_type": 6, "codename": "view_session"}}, {"model": "auth.permission", "pk": 25, "fields": {"name": "Can add program", "content_type": 7, "codename": "add_program"}}, {"model": "auth.permission", "pk": 26, "fields": {"name": "Can change program", "content_type": 7, "codename": "change_program"}}, {"model": "auth.permission", "pk": 27, "fields": {"name": "Can delete program", "content_type": 7, "codename": "delete_program"}}, {"model": "auth.permission", "pk": 28, "fields": {"name": "Can view program", "content_type": 7, "codename": "view_program"}}, {"model": "auth.permission", "pk": 29, "fields": {"name": "Can add org member", "content_type": 8, "codename": "add_orgmember"}}, {"model": "auth.permission", "pk": 30, "fields": {"name": "Can change org member", "content_type": 8, "codename": "change_orgmember"}}, {"model": "auth.permission", "pk": 31, "fields": {"name": "Can delete org member", "content_type": 8, "codename": "delete_orgmember"}}, {"model": "auth.permission", "pk": 32, "fields": {"name": "Can view org member", "content_type": 8, "codename": "view_orgmember"}}, {"model": "auth.permission", "pk": 33, "fields": {"name": "Can add organization", "content_type": 9, "codename": "add_organization"}}, {"model": "auth.permission", "pk": 34, "fields": {"name": "Can change organization", "content_type": 9, "codename": "change_organization"}}, {"model": "auth.permission", "pk": 35, "fields": {"name": "Can delete organization", "content_type": 9, "codename": "delete_organization"}}, {"model": "auth.permission", "pk": 36, "fields": {"name": "Can view organization", "content_type": 9, "codename": "view_organization"}}, {"model": "auth.permission", "pk": 37, "fields": {"name": "Can add student", "content_type": 10, "codename": "add_student"}}, {"model": "auth.permission", "pk": 38, "fields": {"name": "Can change student", "content_type": 10, "codename": "change_student"}}, {"model": "auth.permission", "pk": 39, "fields": {"name": "Can delete student", "content_type": 10, "codename": "delete_student"}}, {"model": "auth.permission", "pk": 40, "fields": {"name": "Can view student", "content_type": 10, "codename": "view_student"}}, {"model": "auth.permission", "pk": 41, "fields": {"name": "Can add college", "content_type": 11, "codename": "add_college"}}, {"model": "auth.permission", "pk": 42, "fields": {"name": "Can change college", "content_type": 11, "codename": "change_college"}}, {"model": "auth.permission", "pk": 43, "fields": {"name": "Can delete college", "content_type": 11, "codename": "delete_college"}}, {"model": "auth.permission", "pk": 44, "fields": {"name": "Can view college", "content_type": 11, "codename": "view_college"}}, {"model": "auth.permission", "pk": 45, "fields": {"name": "Can add site", "content_type": 12, "codename": "add_site"}}, {"model": "auth.permission", "pk": 46, "fields": {"name": "Can change site", "content_type": 12, "codename": "change_site"}}, {"model": "auth.permission", "pk": 47, "fields": {"name": "Can delete site", "content_type": 12, "codename": "delete_site"}}, {"model": "auth.permission", "pk": 48, "fields": {"name": "Can view site", "content_type": 12, "codename": "view_site"}}, {"model": "auth.permission", "pk": 49, "fields": {"name": "Can add email address", "content_type": 13, "codename": "add_emailaddress"}}, {"model": "auth.permission", "pk": 50, "fields": {"name": "Can change email address", "content_type": 13, "codename": "change_emailaddress"}}, {"model": "auth.permission", "pk": 51, "fields": {"name": "Can delete email address", "content_type": 13, "codename": "delete_emailaddress"}}, {"model": "auth.permission", "pk": 52, "fields": {"name": "Can view email address", "content_type": 13, "codename": "view_emailaddress"}}, {"model": "auth.permission", "pk": 53, "fields": {"name": "Can add email confirmation", "content_type": 14, "codename": "add_emailconfirmation"}}, {"model": "auth.permission", "pk": 54, "fields": {"name": "Can change email confirmation", "content_type": 14, "codename": "change_emailconfirmation"}}, {"model": "auth.permission", "pk": 55, "fields": {"name": "Can delete email confirmation", "content_type": 14, "codename": "delete_emailconfirmation"}}, {"model": "auth.permission", "pk": 56, "fields": {"name": "Can view email confirmation", "content_type": 14, "codename": "view_emailconfirmation"}}, {"model": "auth.permission", "pk": 57, "fields": {"name": "Can add social account", "content_type": 15, "codename": "add_socialaccount"}}, {"model": "auth.permission", "pk": 58, "fields": {"name": "Can change social account", "content_type": 15, "codename": "change_socialaccount"}}, {"model": "auth.permission", "pk": 59, "fields": {"name": "Can delete social account", "content_type": 15, "codename": "delete_socialaccount"}}, {"model": "auth.permission", "pk": 60, "fields": {"name": "Can view social account", "content_type": 15, "codename": "view_socialaccount"}}, {"model": "auth.permission", "pk": 61, "fields": {"name": "Can add social application", "content_type": 16, "codename": "add_socialapp"}}, {"model": "auth.permission", "pk": 62, "fields": {"name": "Can change social application", "content_type": 16, "codename": "change_socialapp"}}, {"model": "auth.permission", "pk": 63, "fields": {"name": "Can delete social application", "content_type": 16, "codename": "delete_socialapp"}}, {"model": "auth.permission", "pk": 64, "fields": {"name": "Can view social application", "content_type": 16, "codename": "view_socialapp"}}, {"model": "auth.permission", "pk": 65, "fields": {"name": "Can add social application token", "content_type": 17, "codename": "add_socialtoken"}}, {"model": "auth.permission", "pk": 66, "fields": {"name": "Can change social application token", "content_type": 17, "codename": "change_socialtoken"}}, {"model": "auth.permission", "pk": 67, "fields": {"name": "Can delete social application token", "content_type": 17, "codename": "delete_socialtoken"}}, {"model": "auth.permission", "pk": 68, "fields": {"name": "Can view social application token", "content_type": 17, "codename": "view_socialtoken"}}, {"model": "auth.user", "pk": 1, "fields": {"password": "pbkdf2_sha256$1000000$UNLTBUQMCKiMuOtGPFBW8M$KSapu4ItmK6Yy+nrNn2zeh2oe6fSGnJIhyt2sHI10j4=", "last_login": "2025-10-17T18:08:28.039Z", "is_superuser": true, "username": "admin", "first_name": "", "last_name": "", "email": "germancinco17@gmail.com", "is_staff": true, "is_active": true, "date_joined": "2025-08-28T15:28:04.501Z", "groups": [], "user_permissions": []}}, {"model": "contenttypes.contenttype", "pk": 1, "fields": {"app_label": "admin", "model": "logentry"}}, {"model": "contenttypes.contenttype", "pk": 2, "fields": {"app_label": "auth", "model": "permission"}}, {"model": "contenttypes.contenttype", "pk": 3, "fields": {"app_label": "auth", "model": "group"}}, {"model": "contenttypes.contenttype", "pk": 4, "fields": {"app_label": "auth", "model": "user"}}, {"model": "contenttypes.contenttype", "pk": 5, "fields": {"app_label": "contenttypes", "model": "contenttype"}}, {"model": "contenttypes.contenttype", "pk": 6, "fields": {"app_label": "sessions", "model": "session"}}, {"model": "contenttypes.contenttype", "pk": 7, "fields": {"app_label": "studentorg", "model": "program"}}, {"model": "contenttypes.contenttype", "pk": 8, "fields": {"app_label": "studentorg", "model": "orgmember"}}, {"model": "contenttypes.contenttype", "pk": 9, "fields": {"app_label": "studentorg", "model": "organization"}}, {"model": "contenttypes.contenttype", "pk": 10, "fields": {"app_label": "studentorg", "model": "student"}}, {"model": "contenttypes.contenttype", "pk": 11, "fields": {"app_label": "studentorg", "model": "college"}}, {"model": "contenttypes.contenttype", "pk": 12, "fields": {"app_label": "sites", "model": "site"}}, {"model": "contenttypes.contenttype", "pk": 13, "fields": {"app_label": "account", "model": "emailaddress"}}, {"model": "contenttypes.contenttype", "pk": 14, "fields": {"app_label": "account", "model": "emailconfirmation"}}, {"model": "contenttypes.contenttype", "pk": 15, "fields": {"app_label": "socialaccount", "model": "socialaccount"}}, {"model": "contenttypes.contenttype", "pk": 16, "fields": {"app_label": "socialaccount", "model": "socialapp"}}, {"model": "contenttypes.contenttype", "pk": 17, "fields": {"app_label": "socialaccount", "model": "socialtoken"}}, {"model": "sessions.session", "pk": "6sp4osfsu56zjd1cngxq9ws87v6ef1ob", "fields": {"session_data": ".eJxVj0tOxDAQRO_S68hy7PiXJXtOgFDU_hEDsUexI0CjuTsxzGZ2ra5XT6oroHPlyG3Bo60ht-SwpZKXLbS1-ArzyxX-b5jhgrV-ld3DANhgHpWkik2CakKZ0EqrAY4a9oxbOGn0W8pwex3gT770aEndM8LDz6L7CLkH_h3zWyGu5LYnSzpC7mklz8WHz6c7-yBYsa5nm5sYvRulCZH5KZjRCCYmIa01UlClY3RSKs25NNJFq9BRMwnOzglMeW67tIZa-_7wfUn7D8z09gsus1-H:1v9osO:7fyXeCA2eYS1TzsGv3g2BPfMfUj7WoDiq0ttG5o4Hkk", "expire_date": "2025-10-31T18:08:28.050Z"}}, {"model": "sessions.session", "pk": "8ky1cv2s10y9jd2ml896s8cppbuyxhpi", "fields": {"session_data": ".eJxVjDsOwjAQBe_iGlnxb52lpOcMlr324gBypDipEHeHSCmgfTPzXiLEba1h62UJUxZnocTpd0uRHqXtIN9ju82S5rYuU5K7Ig_a5XXO5Xk53L-DGnv91gaZMynAwjrbggqddtZBSghu8CMzAfjRGEAgTj7SgNYZra3TPpsk3h_bYzc6:1uuqrv:0yy5mMOfU9QsSqEhcM0Vrtb1QGw8LtWFle8L62JNsC0", "expire_date": "2025-09-20T11:14:07.660Z"}}, {"model": "sessions.session", "pk": "lv1be6jwnbvt2dtk994jdjgxdos9325o", "fields": {"session_data": ".eJxVjDsOwjAQBe_iGlnxb52lpOcMlr324gBypDipEHeHSCmgfTPzXiLEba1h62UJUxZnocTpd0uRHqXtIN9ju82S5rYuU5K7Ig_a5XXO5Xk53L-DGnv91gaZMynAwjrbggqddtZBSghu8CMzAfjRGEAgTj7SgNYZra3TPpsk3h_bYzc6:1ureYZ:fCbsSdIvr5GLRvBEni6BDEgcpksTLpeaqa9hAcSmN8c", "expire_date": "2025-09-11T15:28:55.340Z"}}, {"model": "sessions.session", "pk": "qhbcmxxvcc65g6roemu1buo3iqomkx98", "fields": {"session_data": ".eJxVj8tuwyAQAP9lzxbiYcD42Hu_oKqs5VXT1hAZrCaK8u8NbS65rXZmR9oroHPlyG3Bo60ht-SwpZKXLbS1-Arz2xX-Z5jhhLX-lN3DANhgZlpRzRSXlEySUcUGOGrYM27hLqPfUobb-wB_7aWjJfUMg6edRfcVcgf-E_NHIa7ktidLukIetJLX4sP3y8N9CqxY1_u1MDF6x5QJkfsxGGYkl6NU1holqZ5idErpSQhllItWo6NmlILzUXLthe3RGmrt74fzKe0XmOntF9s4X0I:1v9mjC:aKgU6oynGI5RxKIU3_o8aGjBG-6ER7c3PT-gkaEyCpk", "expire_date": "2025-10-31T15:50:50.874Z"}}, {"model": "sessions.session", "pk": "vgqtjpszj72h45zo3szlbgy4sr4t0tfp", "fields": {"session_data": ".eJxVjDsOwjAQBe_iGlnxb52lpOcMlr324gBypDipEHeHSCmgfTPzXiLEba1h62UJUxZnocTpd0uRHqXtIN9ju82S5rYuU5K7Ig_a5XXO5Xk53L-DGnv91gaZMynAwjrbggqddtZBSghu8CMzAfjRGEAgTj7SgNYZra3TPpsk3h_bYzc6:1v1kXG:oiKwfsL_QCrfUBHHo9BYZCCDzMya9NERjSnfXfwn-vk", "expire_date": "2025-10-09T11:53:18.119Z"}}, {"model": "sessions.session", "pk": "w5m72jmm19818zw8yaw37vhqwbz05rps", "fields": {"session_data": ".eJytjctqwzAQRf9FayMseUa2sktaKCXpY9GASQlGluRYsWulfrUQ8u91aDbZG2Y15957zqTz2qlaae2Hps-6XvW2I4szsemDWW9qzpwf-_Q3JYvPMzm1Xttu4qT2B9eQgBjVK7JohroOyKnSNtPe2Gy0rSucbf_JJWCxCFEyzgVlEHFEvg_IKnYJfMOAr7tjJfBrDgNwTiFKQhFPgrdhVz3iqJbbDS-XzccsApAUOAMBk-CHpfj-lJercV2lsH2eQzAdFRAiotxfApKpoS-zobNt5sy0ycjdL1e6ss0VmKNqDp5q3_Sty-k1Qm-0oy-TsF7dsncDperKqR3JojCaCWkLbsBKJpEjoMhzKTCMk6LQQsRJFAkpdJHHSocSMOIckMcmysnlDzedvM4:1v9H95:RJaQY7BDPxBnT2eHqPH3feyeyreF6PHNewH1VfqFBGw", "expire_date": "2025-10-30T06:07:27.592Z"}}, {"model": "studentorg.college", "pk": 1, "fields": {"created_at": "2025-08-28T15:29:48.928Z", "updated_at": "2025-08-28T15:29:48.928Z", "college_name": "College of Arts and Humanities (CAH)"}}, {"model": "studentorg.college", "pk": 2, "fields": {"created_at": "2025-08-28T15:29:57.997Z", "updated_at": "2025-08-28T15:29:57.997Z", "college_name": "College of Business and Accountancy (CBA)"}}, {"model": "studentorg.college", "pk": 3, "fields": {"created_at": "2025-08-28T15:30:07.169Z", "updated_at": "2025-08-28T15:30:07.169Z", "college_name": "College of Criminal Justice Education (CCJE)"}}, {"model": "studentorg.college", "pk": 4, "fields": {"created_at": "2025-08-28T15:30:15.944Z", "updated_at": "2025-08-28T15:30:15.944Z", "college_name": "College of Engineering, Architecture and Technology (CEAT)"}}, {"model": "studentorg.college", "pk": 5, "fields": {"created_at": "2025-08-28T15:30:21.186Z", "updated_at": "2025-08-28T15:30:21.186Z", "college_name": "College of Hospitality Management and Tourism (CHTM)"}}, {"model": "studentorg.college", "pk": 6, "fields": {"created_at": "2025-08-28T15:31:04.782Z", "updated_at": "2025-08-28T15:31:04.782Z", "college_name": "Collge of Nursing and Health Sciences (CNHS)"}}, {"model": "studentorg.college", "pk": 7, "fields": {"created_at": "2025-08-28T15:31:11.232Z", "updated_at": "2025-08-28T15:31:11.232Z", "college_name": "College of Sciences (CS)"}}, {"model": "studentorg.college", "pk": 8, "fields": {"created_at": "2025-08-28T15:31:22.015Z", "updated_at": "2025-08-28T15:31:22.015Z", "college_name": "College of Teacher Education (CTE)"}}, {"model": "studentorg.program", "pk": 1, "fields": {"created_at": "2025-08-28T15:32:00.458Z", "updated_at": "2025-08-28T15:32:00.458Z", "prog_name": "Medical Biology", "college": 7}}, {"model": "studentorg.program", "pk": 2, "fields": {"created_at": "2025-08-28T15:32:08.452Z", "updated_at": "2025-08-28T15:32:08.452Z", "prog_name": "Environmental Science", "college": 7}}, {"model": "studentorg.program", "pk": 3, "fields": {"created_at": "2025-08-28T15:32:16.464Z", "updated_at": "2025-08-28T15:32:16.464Z", "prog_name": "Marine Bilogy", "college": 7}}, {"model": "studentorg.program", "pk": 4, "fields": {"created_at": "2025-08-28T15:32:23.764Z", "updated_at": "2025-08-28T15:32:23.764Z", "prog_name": "Information Technology", "college": 7}}, {"model": "studentorg.program", "pk": 5, "fields": {"created_at": "2025-08-28T15:32:31.220Z", "updated_at": "2025-08-28T15:32:31.220Z", "prog_name": "Computer Science", "college": 7}}, {"model": "studentorg.program", "pk": 6, "fields": {"created_at": "2025-08-28T15:32:37.286Z", "updated_at": "2025-08-28T15:32:37.286Z", "prog_name": "Criminology", "college": 3}}, {"model": "studentorg.program", "pk": 7, "fields": {"created_at": "2025-08-28T15:32:44.953Z", "updated_at": "2025-08-28T15:32:44.953Z", "prog_name": "Accountancy", "college": 2}}, {"model": "studentorg.program", "pk": 8, "fields": {"created_at": "2025-08-28T15:32:52.848Z", "updated_at": "2025-08-28T15:32:52.848Z", "prog_name": "Entrepreneurship", "college": 2}}, {"model": "studentorg.program", "pk": 9, "fields": {"created_at": "2025-08-28T15:32:59.254Z", "updated_at": "2025-08-28T15:32:59.255Z", "prog_name": "Education", "college": 8}}, {"model": "studentorg.program", "pk": 10, "fields": {"created_at": "2025-08-28T15:33:07.445Z", "updated_at": "2025-08-28T15:33:07.445Z", "prog_name": "Electrical Engineering", "college": 4}}, {"model": "studentorg.program", "pk": 11, "fields": {"created_at": "2025-08-28T15:33:25.140Z", "updated_at": "2025-08-28T15:33:25.140Z", "prog_name": "Business Administration", "college": 2}}, {"model": "studentorg.program", "pk": 12, "fields": {"created_at": "2025-08-28T15:33:30.904Z", "updated_at": "2025-08-28T15:33:30.904Z", "prog_name": "Hospitality Management", "college": 5}}, {"model": "studentorg.organization", "pk": 1, "fields": {"created_at": "2025-08-28T15:34:13.942Z", "updated_at": "2025-08-28T15:34:13.942Z", "name": "ACS", "college": 7, "description": "Com Sci"}}, {"model": "studentorg.organization", "pk": 2, "fields": {"created_at": "2025-08-28T15:34:36.133Z", "updated_at": "2025-08-28T15:34:36.133Z", "name": "SITE", "college": 7, "description": "I.T"}}, {"model": "studentorg.organization", "pk": 3, "fields": {"created_at": "2025-08-28T15:52:28.360Z", "updated_at": "2025-08-28T15:52:28.360Z", "name": "Quite Power", "college": 5, "description": "Manager product natural hospital true political."}}, {"model": "studentorg.organization", "pk": 4, "fields": {"created_at": "2025-08-28T15:52:28.364Z", "updated_at": "2025-08-28T15:52:28.364Z", "name": "Material Company", "college": 5, "description": "Exactly test develop little chance yes."}}, {"model": "studentorg.organization", "pk": 5, "fields": {"created_at": "2025-08-28T15:52:28.367Z", "updated_at": "2025-08-28T15:52:28.367Z", "name": "Energy Address", "college": 5, "description": "Hair beyond amount position speak."}}, {"model": "studentorg.organization", "pk": 6, "fields": {"created_at": "2025-08-28T15:52:28.370Z", "updated_at": "2025-08-28T15:52:28.370Z", "name": "Institution Expect", "college": 8, "description": "Goal morning compare always sport himself."}}, {"model": "studentorg.organization", "pk": 7, "fields": {"created_at": "2025-08-28T15:52:28.373Z", "updated_at": "2025-08-28T15:52:28.373Z", "name": "Industry Operation", "college": 7, "description": "Authority skin painting."}}, {"model": "studentorg.organization", "pk": 8, "fields": {"created_at": "2025-08-28T15:52:28.375Z", "updated_at": "2025-08-28T15:52:28.376Z", "name": "Answer Green", "college": 3, "description": "Reach painting result experience where get."}}, {"model": "studentorg.organization", "pk": 9, "fields": {"created_at": "2025-08-28T15:52:28.377Z", "updated_at": "2025-08-28T15:52:28.377Z", "name": "Continue Treatment", "college": 7, "description": "Pressure city student material."}}, {"model": "studentorg.organization", "pk": 10, "fields": {"created_at": "2025-08-28T15:52:28.380Z", "updated_at": "2025-08-28T15:52:28.380Z", "name": "Me Strategy", "college": 8, "description": "Sister author bed face price."}}, {"model": "studentorg.organization", "pk": 11, "fields": {"created_at": "2025-08-28T15:52:28.383Z", "updated_at": "2025-08-28T15:52:28.383Z", "name": "Run Cut", "college": 8, "description": "Despite popular must feeling hotel boy decide."}}, {"model": "studentorg.organization", "pk": 12, "fields": {"created_at": "2025-08-28T15:52:28.385Z", "updated_at": "2025-08-28T15:52:28.385Z", "name": "Want Easy", "college": 5, "description": "Office return life ten simply hotel adult."}}, {"model": "studentorg.student", "pk": 1, "fields": {"created_at": "2025-08-28T15:38:02.600Z", "updated_at": "2025-08-28T15:38:02.600Z", "student_id": "2020-80066", "lastname": "Cinco", "firstname": "German", "middlename": "Rodriguez", "program": 4}}, {"model": "studentorg.student", "pk": 2, "fields": {"created_at": "2025-08-28T15:38:33.912Z", "updated_at": "2025-08-28T15:38:33.912Z", "student_id": "2021-8-0036", "lastname": "Dela Cruz", "firstname": "Juan", "middlename": "Danao", "program": 5}}, {"model": "studentorg.student", "pk": 3, "fields": {"created_at": "2025-08-28T15:52:28.445Z", "updated_at": "2025-08-28T15:52:28.445Z", "student_id": "2020-2-2692", "lastname": "Long", "firstname": "Natalie", "middlename": "Wright", "program": 5}}, {"model": "studentorg.student", "pk": 4, "fields": {"created_at": "2025-08-28T15:52:28.448Z", "updated_at": "2025-08-28T15:52:28.448Z", "student_id": "2023-1-1259", "lastname": "Moore", "firstname": "Andrew", "middlename": "Mccarthy", "program": 12}}, {"model": "studentorg.student", "pk": 5, "fields": {"created_at": "2025-08-28T15:52:28.451Z", "updated_at": "2025-08-28T15:52:28.451Z", "student_id": "2024-6-8723", "lastname": "Hendrix", "firstname": "Joe", "middlename": "Johnson", "program": 1}}, {"model": "studentorg.student", "pk": 6, "fields": {"created_at": "2025-08-28T15:52:28.454Z", "updated_at": "2025-08-28T15:52:28.454Z", "student_id": "2020-1-3560", "lastname": "Lee", "firstname": "Brittany", "middlename": "Abbott", "program": 8}}, {"model": "studentorg.student", "pk": 7, "fields": {"created_at": "2025-08-28T15:52:28.457Z", "updated_at": "2025-08-28T15:52:28.457Z", "student_id": "2021-8-7831", "lastname": "Williams", "firstname": "Heather", "middlename": "Jensen", "program": 3}}, {"model": "studentorg.student", "pk": 8, "fields": {"created_at": "2025-08-28T15:52:28.460Z", "updated_at": "2025-08-28T15:52:28.460Z", "student_id": "2025-2-9422", "lastname": "Fisher", "firstname": "Samuel", "middlename": "Anderson", "program": 9}}, {"model": "studentorg.student", "pk": 9, "fields": {"created_at": "2025-08-28T15:52:28.462Z", "updated_at": "2025-08-28T15:52:28.462Z", "student_id": "2022-8-9553", "lastname": "Phillips", "firstname": "Dale", "middlename": "Morgan", "program": 12}}, {"model": "studentorg.student", "pk": 10, "fields": {"created_at": "2025-08-28T15:52:28.465Z", "updated_at": "2025-08-28T15:52:28.465Z", "student_id": "2020-8-5788", "lastname": "Collins", "firstname": "Ross", "middlename": "Jones", "program": 5}}, {"model": "studentorg.student", "pk": 11, "fields": {"created_at": "2025-08-28T15:52:28.467Z", "updated_at": "2025-08-28T15:52:28.467Z", "student_id": "2025-8-8340", "lastname": "Russell", "firstname": "Melissa", "middlename": "White", "program": 4}}, {"model": "studentorg.student", "pk": 12, "fields": {"created_at": "2025-08-28T15:52:28.470Z", "updated_at": "2025-08-28T15:52:28.470Z", "student_id": "2025-4-2264", "lastname": "Zamora", "firstname": "Katherine", "middlename": "Moore", "program": 6}}, {"model": "studentorg.student", "pk": 13, "fields": {"created_at": "2025-08-28T15:52:28.474Z", "updated_at": "2025-08-28T15:52:28.474Z", "student_id": "2023-4-9492", "lastname": "Ramirez", "firstname": "Amber", "middlename": "Davis", "program": 9}}, {"model": "studentorg.student", "pk": 14, "fields": {"created_at": "2025-08-28T15:52:28.477Z", "updated_at": "2025-08-28T15:52:28.477Z", "student_id": "2023-1-777", "lastname": "Cohen", "firstname": "Tina", "middlename": "Li", "program": 2}}, {"model": "studentorg.student", "pk": 15, "fields": {"created_at": "2025-08-28T15:52:28.479Z", "updated_at": "2025-08-28T15:52:28.479Z", "student_id": "2025-2-2438", "lastname": "White", "firstname": "Virginia", "middlename": "Smith", "program": 2}}, {"model": "studentorg.student", "pk": 16, "fields": {"created_at": "2025-08-28T15:52:28.481Z", "updated_at": "2025-08-28T15:52:28.481Z", "student_id": "2025-1-5588", "lastname": "Lopez", "firstname": "Matthew", "middlename": "Glenn", "program": 4}}, {"model": "studentorg.student", "pk": 17, "fields": {"created_at": "2025-08-28T15:52:28.484Z", "updated_at": "2025-08-28T15:52:28.484Z", "student_id": "2025-5-6495", "lastname": "Morton", "firstname": "Nicholas", "middlename": "Edwards", "program": 8}}, {"model": "studentorg.student", "pk": 18, "fields": {"created_at": "2025-08-28T15:52:28.486Z", "updated_at": "2025-08-28T15:52:28.486Z", "student_id": "2025-8-8501", "lastname": "Medina", "firstname": "Debra", "middlename": "Gonzalez", "program": 11}}, {"model": "studentorg.student", "pk": 19, "fields": {"created_at": "2025-08-28T15:52:28.488Z", "updated_at": "2025-08-28T15:52:28.488Z", "student_id": "2024-2-2001", "lastname": "Mclaughlin", "firstname": "Tony", "middlename": "Calderon", "program": 9}}, {"model": "studentorg.student", "pk": 20, "fields": {"created_at": "2025-08-28T15:52:28.491Z", "updated_at": "2025-08-28T15:52:28.491Z", "student_id": "2021-6-3450", "lastname": "Ellis", "firstname": "Arthur", "middlename": "Simmons", "program": 12}}, {"model": "studentorg.student", "pk": 21, "fields": {"created_at": "2025-08-28T15:52:28.493Z", "updated_at": "2025-08-28T15:52:28.493Z", "student_id": "2022-8-4582", "lastname": "Morton", "firstname": "Devin", "middlename": "Jacobson", "program": 5}}, {"model": "studentorg.student", "pk": 22, "fields": {"created_at": "2025-08-28T15:52:28.495Z", "updated_at": "2025-08-28T15:52:28.495Z", "student_id": "2022-1-4681", "lastname": "Avery", "firstname": "Stephanie", "middlename": "Bruce", "program": 9}}, {"model": "studentorg.student", "pk": 23, "fields": {"created_at": "2025-08-28T15:52:28.498Z", "updated_at": "2025-08-28T15:52:28.498Z", "student_id": "2020-7-1755", "lastname": "Robinson", "firstname": "Sabrina", "middlename": "Patterson", "program": 5}}, {"model": "studentorg.student", "pk": 24, "fields": {"created_at": "2025-08-28T15:52:28.500Z", "updated_at": "2025-08-28T15:52:28.500Z", "student_id": "2021-1-1300", "lastname": "Bowers", "firstname": "Ricky", "middlename": "Fox", "program": 4}}, {"model": "studentorg.student", "pk": 25, "fields": {"created_at": "2025-08-28T15:52:28.502Z", "updated_at": "2025-08-28T15:52:28.502Z", "student_id": "2020-5-917", "lastname": "Blake", "firstname": "Richard", "middlename": "Fields", "program": 10}}, {"model": "studentorg.student", "pk": 26, "fields": {"created_at": "2025-08-28T15:52:28.504Z", "updated_at": "2025-08-28T15:52:28.504Z", "student_id": "2023-6-8370", "lastname": "White", "firstname": "Jennifer", "middlename": "Roberts", "program": 11}}, {"model": "studentorg.student", "pk": 27, "fields": {"created_at": "2025-08-28T15:52:28.507Z", "updated_at": "2025-08-28T15:52:28.507Z", "student_id": "2021-2-5996", "lastname": "Cross", "firstname": "Jeffrey", "middlename": "Shepherd", "program": 4}}, {"model": "studentorg.student", "pk": 28, "fields": {"created_at": "2025-08-28T15:52:28.509Z", "updated_at": "2025-08-28T15:52:28.509Z", "student_id": "2022-3-1749", "lastname": "Banks", "firstname": "Jorge", "middlename": "Nichols", "program": 8}}, {"model": "studentorg.student", "pk": 29, "fields": {"created_at": "2025-08-28T15:52:28.512Z", "updated_at": "2025-08-28T15:52:28.512Z", "student_id": "2020-8-6011", "lastname": "Yates", "firstname": "Kyle", "middlename": "Mcdonald", "program": 8}}, {"model": "studentorg.student", "pk": 30, "fields": {"created_at": "2025-08-28T15:52:28.514Z", "updated_at": "2025-08-28T15:52:28.514Z", "student_id": "2020-7-4418", "lastname": "Larson", "firstname": "Lori", "middlename": "Thomas", "program": 2}}, {"model": "studentorg.student", "pk": 31, "fields": {"created_at": "2025-08-28T15:52:28.516Z", "updated_at": "2025-08-28T15:52:28.516Z", "student_id": "2023-1-5506", "lastname": "Sullivan", "firstname": "Theresa", "middlename": "Cook", "program": 11}}, {"model": "studentorg.student", "pk": 32, "fields": {"created_at": "2025-08-28T15:52:28.519Z", "updated_at": "2025-08-28T15:52:28.519Z", "student_id": "2025-7-6137", "lastname": "Johnson", "firstname": "Patrick", "middlename": "Aguilar", "program": 1}}, {"model": "studentorg.student", "pk": 33, "fields": {"created_at": "2025-08-28T15:52:28.521Z", "updated_at": "2025-08-28T15:52:28.521Z", "student_id": "2021-7-9543", "lastname": "Torres", "firstname": "Carla", "middlename": "Craig", "program": 7}}, {"model": "studentorg.student", "pk": 34, "fields": {"created_at": "2025-08-28T15:52:28.523Z", "updated_at": "2025-08-28T15:52:28.523Z", "student_id": "2022-5-9167", "lastname": "Phillips", "firstname": "Cynthia", "middlename": "Rivera", "program": 2}}, {"model": "studentorg.student", "pk": 35, "fields": {"created_at": "2025-08-28T15:52:28.525Z", "updated_at": "2025-08-28T15:52:28.525Z", "student_id": "2022-2-2814", "lastname": "Lewis", "firstname": "Nicholas", "middlename": "Schmidt", "program": 10}}, {"model": "studentorg.student", "pk": 36, "fields": {"created_at": "2025-08-28T15:52:28.528Z", "updated_at": "2025-08-28T15:52:28.528Z", "student_id": "2023-2-9704", "lastname": "Thomas", "firstname": "Omar", "middlename": "Valdez", "program": 2}}, {"model": "studentorg.student", "pk": 37, "fields": {"created_at": "2025-08-28T15:52:28.530Z", "updated_at": "2025-08-28T15:52:28.530Z", "student_id": "2020-7-7459", "lastname": "Moore", "firstname": "Sandy", "middlename": "Smith", "program": 1}}, {"model": "studentorg.student", "pk": 38, "fields": {"created_at": "2025-08-28T15:52:28.532Z", "updated_at": "2025-08-28T15:52:28.532Z", "student_id": "2023-3-1090", "lastname": "Sampson", "firstname": "Brian", "middlename": "Gates", "program": 6}}, {"model": "studentorg.student", "pk": 39, "fields": {"created_at": "2025-08-28T15:52:28.534Z", "updated_at": "2025-08-28T15:52:28.534Z", "student_id": "2022-4-4947", "lastname": "Davis", "firstname": "Amy", "middlename": "Blankenship", "program": 5}}, {"model": "studentorg.student", "pk": 40, "fields": {"created_at": "2025-08-28T15:52:28.536Z", "updated_at": "2025-08-28T15:52:28.536Z", "student_id": "2020-5-9627", "lastname": "Reeves", "firstname": "Sean", "middlename": "Mosley", "program": 1}}, {"model": "studentorg.student", "pk": 41, "fields": {"created_at": "2025-08-28T15:52:28.539Z", "updated_at": "2025-08-28T15:52:28.539Z", "student_id": "2025-5-9568", "lastname": "Boyd", "firstname": "Brooke", "middlename": "Mitchell", "program": 5}}, {"model": "studentorg.student", "pk": 42, "fields": {"created_at": "2025-08-28T15:52:28.541Z", "updated_at": "2025-08-28T15:52:28.541Z", "student_id": "2023-8-8602", "lastname": "Clark", "firstname": "Christine", "middlename": "Shelton", "program": 6}}, {"model": "studentorg.student", "pk": 43, "fields": {"created_at": "2025-08-28T15:52:28.544Z", "updated_at": "2025-08-28T15:52:28.544Z", "student_id": "2025-6-7307", "lastname": "Wilson", "firstname": "Scott", "middlename": "Kemp", "program": 5}}, {"model": "studentorg.student", "pk": 44, "fields": {"created_at": "2025-08-28T15:52:28.546Z", "updated_at": "2025-08-28T15:52:28.546Z", "student_id": "2022-1-78", "lastname": "Olson", "firstname": "Billy", "middlename": "Espinoza", "program": 8}}, {"model": "studentorg.student", "pk": 45, "fields": {"created_at": "2025-08-28T15:52:28.548Z", "updated_at": "2025-08-28T15:52:28.548Z", "student_id": "2023-1-9311", "lastname": "Kennedy", "firstname": "Ashlee", "middlename": "Conley", "program": 9}}, {"model": "studentorg.student", "pk": 46, "fields": {"created_at": "2025-08-28T15:52:28.551Z", "updated_at": "2025-08-28T15:52:28.551Z", "student_id": "2025-6-1714", "lastname": "Hayes", "firstname": "Teresa", "middlename": "Rodriguez", "program": 7}}, {"model": "studentorg.student", "pk": 47, "fields": {"created_at": "2025-08-28T15:52:28.554Z", "updated_at": "2025-08-28T15:52:28.554Z", "student_id": "2025-8-7865", "lastname": "Murphy", "firstname": "Haley", "middlename": "Pearson", "program": 10}}, {"model": "studentorg.student", "pk": 48, "fields": {"created_at": "2025-08-28T15:52:28.556Z", "updated_at": "2025-08-28T15:52:28.556Z", "student_id": "2020-1-8788", "lastname": "Cooper", "firstname": "Jason", "middlename": "Mcintosh", "program": 4}}, {"model": "studentorg.student", "pk": 49, "fields": {"created_at": "2025-08-28T15:52:28.559Z", "updated_at": "2025-08-28T15:52:28.559Z", "student_id": "2022-7-4459", "lastname": "Ryan", "firstname": "Joshua", "middlename": "Little", "program": 3}}, {"model": "studentorg.student", "pk": 50, "fields": {"created_at": "2025-08-28T15:52:28.562Z", "updated_at": "2025-08-28T15:52:28.562Z", "student_id": "2024-7-5852", "lastname": "Vasquez", "firstname": "Timothy", "middlename": "Clark", "program": 9}}, {"model": "studentorg.student", "pk": 51, "fields": {"created_at": "2025-08-28T15:52:28.565Z", "updated_at": "2025-08-28T15:52:28.565Z", "student_id": "2020-1-745", "lastname": "Chavez", "firstname": "Jessica", "middlename": "Jackson", "program": 12}}, {"model": "studentorg.student", "pk": 52, "fields": {"created_at": "2025-08-28T15:52:28.568Z", "updated_at": "2025-08-28T15:52:28.568Z", "student_id": "2025-3-1187", "lastname": "Acosta", "firstname": "Karen", "middlename": "Glover", "program": 1}}, {"model": "studentorg.orgmember", "pk": 1, "fields": {"created_at": "2025-08-28T15:38:53.326Z", "updated_at": "2025-09-06T11:59:23.802Z", "student": 1, "organization": 2, "date_joined": "2025-07-14"}}, {"model": "studentorg.orgmember", "pk": 3, "fields": {"created_at": "2025-08-28T15:52:28.572Z", "updated_at": "2025-08-28T15:52:28.572Z", "student": 23, "organization": 9, "date_joined": "2025-05-12"}}, {"model": "studentorg.orgmember", "pk": 4, "fields": {"created_at": "2025-08-28T15:52:28.575Z", "updated_at": "2025-08-28T15:52:28.575Z", "student": 51, "organization": 4, "date_joined": "2024-08-04"}}, {"model": "studentorg.orgmember", "pk": 5, "fields": {"created_at": "2025-08-28T15:52:28.578Z", "updated_at": "2025-08-28T15:52:28.578Z", "student": 33, "organization": 3, "date_joined": "2025-08-02"}}, {"model": "studentorg.orgmember", "pk": 6, "fields": {"created_at": "2025-08-28T15:52:28.581Z", "updated_at": "2025-08-28T15:52:28.581Z", "student": 36, "organization": 7, "date_joined": "2023-10-25"}}, {"model": "studentorg.orgmember", "pk": 7, "fields": {"created_at": "2025-08-28T15:52:28.584Z", "updated_at": "2025-08-28T15:52:28.584Z", "student": 24, "organization": 2, "date_joined": "2025-04-10"}}, {"model": "studentorg.orgmember", "pk": 8, "fields": {"created_at": "2025-08-28T15:52:28.589Z", "updated_at": "2025-08-28T15:52:28.589Z", "student": 51, "organization": 4, "date_joined": "2024-01-27"}}, {"model": "studentorg.orgmember", "pk": 9, "fields": {"created_at": "2025-08-28T15:52:28.592Z", "updated_at": "2025-08-28T15:52:28.592Z", "student": 32, "organization": 10, "date_joined": "2024-08-27"}}, {"model": "studentorg.orgmember", "pk": 10, "fields": {"created_at": "2025-08-28T15:52:28.596Z", "updated_at": "2025-08-28T15:52:28.596Z", "student": 11, "organization": 5, "date_joined": "2024-12-09"}}, {"model": "studentorg.orgmember", "pk": 11, "fields": {"created_at": "2025-08-28T15:52:28.599Z", "updated_at": "2025-08-28T15:52:28.599Z", "student": 20, "organization": 2, "date_joined": "2023-11-11"}}, {"model": "studentorg.orgmember", "pk": 12, "fields": {"created_at": "2025-08-28T15:52:28.603Z", "updated_at": "2025-08-28T15:52:28.603Z", "student": 36, "organization": 3, "date_joined": "2023-10-18"}}, {"model": "studentorg.orgmember", "pk": 13, "fields": {"created_at": "2025-09-06T12:01:48.572Z", "updated_at": "2025-09-06T12:01:48.572Z", "student": 6, "organization": 11, "date_joined": "2025-07-14"}}, {"model": "sites.site", "pk": 1, "fields": {"domain": "localhost:8001", "name": "localhost"}}, {"model": "sites.site", "pk": 2, "fields": {"domain": "example.com", "name": "example.com"}}, {"model": "socialaccount.socialapp", "pk": 3, "fields": {"provider": "google", "provider_id": "", "name": "Google Login", "client_id": "241058471785-l98ivrouchah0l8ea4bq5535m1fehkp9.apps.googleusercontent.com", "secret": "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", "key": "", "settings": {}, "sites": [2, 1]}}, {"model": "socialaccount.socialapp", "pk": 4, "fields": {"provider": "github", "provider_id": "", "name": "Github Login", "client_id": "Ov23liKYNV9agHbemd9R", "secret": "9fbaec5ac559d2b2bea35c9815ea90d41fe99d4f", "key": "", "settings": {}, "sites": [2, 1]}}]